,Model,Fold,Calibration Column,Tradeoff,MACE Genres,MACE Pop,LTC,MRMC Genres,MRMC Pop,AGGDIV,Prec@10,MAP@10,MRR,GAPBB,GAPN,GAPD
0,pairwise,2,inprocessing,0.0,0.001973684210526316,0.02652877192982456,6.13596689032266e-06,0.9089802110912099,0.7940546932438656,0.00010536142644669814,0.03684210526315789,0.022360902255639095,0.07415204678362573,-0.9963954897259671,-0.9865362676131656,-0.9871463650896624
