,Model,Fold,Calibration Column,Tradeoff,MACE Genres,MACE Pop,LTC,MRMC Genres,MRMC Pop,AGGDIV,Prec@10,MAP@10,MRR,GAPBB,GAPN,GAPD
0,pairwise,1,inprocessing,0.0,0.015789473684210527,0.025624561403508772,9.203950335483989e-06,0.9207792943436988,0.8031461820567852,9.801062925274246e-05,0.042105263157894736,0.028101086048454463,0.08982456140350877,-0.9964234936903602,-0.9838058603459056,-0.9872405089015349
