,Model,Fold,Calibration Column,Tradeoff,MACE Genres,MACE Pop,LTC,MRMC Genres,MRMC Pop,AGGDIV,Prec@10,MAP@10,MRR,GAPBB,GAPN,GAPD
0,pairwise,3,inprocessing,0.0,0.3762052295123505,0.4096186868686877,0.00048310407078745965,0.5009703006986036,0.8026661397626553,0.00040766408479412964,0.0,0.0,0.0,-0.9962291056759891,-0.9966705677766932,-0.9963531830675798
