,Model,Fold,Calibration Column,Tradeoff,MACE Genres,MACE Pop,LTC,MRMC Genres,MRMC Pop,AGGDIV,Prec@10,MAP@10,MRR,GAPBB,GAPN,GAPD
0,pairwise,2,inprocessing,0.0,0.3803079415841102,0.5095137499999998,0.0012087544685338066,0.5874678394422611,0.5006595619338069,0.0009987566498848373,0.0,0.0,0.0,-0.997308267913937,-0.9947288769069167,-0.9956663043805724
