,Model,Fold,Calibration Column,Tradeoff,MACE Genres,MACE Pop,LTC,MRMC Genres,MRMC Pop,AGGDIV,Prec@10,MAP@10,MRR,GAPBB,GAPN,GAPD
BPR Classic,1,top10,0.0,0.23576118365520848,0.403634531490015,0.4119949124351825,0.6227248833587958,0.6922865754198723,0.46758445616090605,0.00039499670836076365,0.000647967020909746,0.0017922191918241942,-0.9908205356046695,-0.9063502188256454,-0.9781525126563321
