,Model,Fold,Calibration Column,Tradeoff,MACE Genres,MACE Pop,LTC,MRMC Genres,MRMC Pop,AGGDIV,Prec@10,MAP@10,MRR,GAPBB,GAPN,GAPD
BPR Classic,1,top10,0.0,0.23576118365520848,0.403634531490015,0.4119949124351825,0.6227248833587958,0.6922865754198723,0.46758445616090605,0.00039499670836076365,0.000647967020909746,0.0017922191918241942,-0.9908205356046695,-0.9063502188256454,-0.9781525126563321
BPR Classic,2,top10,0.0,0.235685100173986,0.4042488479262658,0.4096468055963213,0.6220074055392977,0.6905405975324537,0.46611989845733254,0.00039499670836076365,0.000664555837696061,0.0018115510413074594,-0.9905012178214587,-0.9084820229498219,-0.9787472625486662
BPR Classic,3,top10,0.0,0.23540169521445622,0.4039681171823565,0.41033167009098914,0.6232676439477005,0.6898831300630363,0.46572934973637964,0.00039499670836076365,0.0006544823766680249,0.0017919579506149612,-0.990565165396813,-0.9091053574890549,-0.9776960999863352
