,Model,Fold,Calibration Column,Tradeoff,MACE Genres,MACE Pop,LTC,MRMC Genres,MRMC Pop,AGGDIV,Prec@10,MAP@10,MRR,GAPBB,GAPN,GAPD
0,pairwise,3,inprocessing,0.0,0.27159329352518835,0.3222077192982455,0.00040693139814846214,0.6962728046061395,0.6607189074421768,0.0003314483616980979,0.010526315789473684,0.007344193817878027,0.02080200501253133,19.368361764524142,3.1050414267659043,8.042658220774936
