,Model,Fold,Calibration Column,Tradeoff,MACE Genres,MACE Pop,LTC,MRMC Genres,MRMC Pop,AGGDIV,Prec@10,MAP@10,MRR,GAPBB,GAPN,GAPD
0,pairwise,2,inprocessing,0.0,0.2905150435500172,0.3168766666666667,0.0004577978229170199,0.6991558754718677,0.6173167471157278,0.000372033875375416,0.005263157894736842,0.0034369256474519627,0.011842105263157895,19.368361764524142,3.1050414267659043,8.042658220774936
